{
    "\"amplitude\"": {
        "0": [
            0.1268363711447915,
            0.0010113669192850997
        ]
    },
    "\"length\"": {
        "0": [
            40,
            0
        ]
    },
    "\"fitted_parameters\"": {
        "0": [
            0.488677005248516,
            0.49294242252664905,
            0.2573556489328564,
            3.1865506426696575
        ]
    },
    "\"rx90\"": false,
    "\"chi2\"": {
        "0": [
            0.43876625388441987,
            0.4472135954999579
        ]
    }
}
